Codigo,Nombre del articulo (segun salon23072026)
56353,36 VELA SURTIDAS-4 VELAS MAGICAS CON BASE ART. 620025-S
9135,ADORNO CUBITO ECONOMICO LOLITA
26,ADORNO TELGOPOR OFERTA VARIOS MODELOS
6139,ADORNO TORTA GOMA EVA 3D UN PERSONAJE
X1125,AFICHE BIENVENIDOS VALENTINA X 1.
16921,ALFOMBRA CESPED CHICA 25 X 25
50171,ANGEL 8 CM GW8517Q1152A4
52421V,ANGELITO PARADO REZANDO.
6078,ANTEOJO NARILOLITAS
38878,ANTEOJO SOL 8 BITS VS COLORES X1 LE22
8394,ANTEOJOS RAY BAN AVIADOR/NEGRO/COLOR
5622,ANTIFAZ PARTY GAME DRA JUGUETES
58767,APLICACION PERLAS DE PASCUA SURTIDAS X 50GS
2936,ARCOIRIS TELGOPOR
4022,ASUSTA SUEGRA LUNAR X 10
93380,ASUSTA SUEGRA LUNARES CHICO X 36 TRIGGER
8524,ASUSTA SUEGRA METALIZADO CHICO X 36 TRIGGER
4000,ASUSTA SUEGRA METALIZADO GRANDE (COTIPOPI) X 36.
10844,ASUSTA SUEGRA X 100 TRIGGER
41908,ASUSTA SUEGRA X 12 TRIGGER
6442,ASUSTA SUEGRAS X36 LUNAR GRANDE (COTIPOPI)
6095,AZUCAR IMPALPABLE  X 500 KG
153,AZUCAR TALCO IMPALPABLE DEWEY X 1KG.
11047,BANDA BRIDE TO BE FUTURA NOVIA
7971,BANDA CINTA REVELACION DE GENERO 80CM
12715,BANDA CON VINCHA DE STRASS HAPPY BIRTHDAY
12722,BANDA CON VINCHAS DE STRASS FELIZ CUMPLE
14190,BANDA EGRESADO/GRADUACION CON GLITTER
11326,BANDA FELIZ CUMPLEAÑOS X1
159,BANDA PRINCESA MIC- MAC
66527,BANDA PRINCESA ROSA CON GIBRE X1 HS5902-1
160,BANDA REINA MIC-MAC
X7971,BANDANA ARGENTINA
8712,BANDEJA DECORAHUEVOS Y TRANSPORTE X1
11336,BANDERIN A CUADROS CARRERA BLINDER
39023,BANDERIN BABY SHOWER BLANCO CELESTE CREACIONES TRIES
12270,BANDERIN BABY SHOWER CELESTE GRAFIGOLD X1
39030,BANDERIN BABY SHOWER ROSA DE FRISELLINA CREACIONES TRIES
12287,BANDERIN BABY SHOWER ROSA GRAFIGOLD X1
39877,BANDERIN BANDERA DE PLASTICO 2 MTR IMAGEN
12324,BANDERIN BIENVENIDA ROSA CON STAMP X 1
5753,BANDERIN BIENVENIDO BLANCO X 1 GM
12317,BANDERIN BIENVENIDO CELESTE CON STAMP X 1 GM
5739,BANDERIN BIENVENIDO ROSA CON STAMP X 1 GM
59378,BANDERIN BIENVENIDOS FONDO DORADO BABIGDO RIVAS
59385,BANDERIN BIENVENIDOS FONDO PLATEADO BABIGPL RIVAS
46465,BANDERIN CARTON FELIZ COMUNION 15 AÑOS SURTIDOS
60022,BANDERIN CON LUNARES BLINDER
12256,BANDERIN CON STAMP BAUTISMO CELESTE X 1
4787,BANDERIN CON STAMPING BABY SHOWER CELESTE X 1
4794,BANDERIN CON STAMPING BABY SHOWER ROSA X 1
4770,BANDERIN CON STAMPING MI BAUTISMO ROSA
50462,BANDERIN DORADO BADO02
41057,BANDERIN EGRESADO DE FRISELINA CREACIONES TRIES
8877,BANDERIN ESCARAPELA VIVA LA PATRIA GOLD MUNDO
9104,BANDERIN FELIZ COMUNION LETRAS DORADAS FONDO COLOR
91,BANDERIN FELIZ CUMPLE HOLOGRAFICO CHICO TRIGGER
77857,BANDERIN FELIZ CUMPLE HOLOGRAFICO X1 VS/COLORES
20934,BANDERIN FELIZ CUMPLE LETRAS DORADAS FONDO COLOR X 1
20972,BANDERIN FELIZ CUMPLE LETRAS DORADAS FONDO METALIZADO CO2209
9319,BANDERIN FELIZ CUMPLE LETRAS DORADAS FONDO MULTICOLOR
59477,BANDERIN FELIZ CUMPLEAÑOS LETRA GLITTER ROJO BAFCLGRJ RIVAS
59484,BANDERIN FELIZ CUMPLEAÑOS LETRAS GLITTER AZUL BAFCLGAZ RIVAS
12011,BANDERIN FELIZ CUMPLEAÑOS MULTICOLOR BORDE DORADO
11312,BANDERIN FLUO 2211-31 BLINDER
9357,BANDERIN GRADUACION LETRAS DORADAS FONDO COLOR X 1
2788,BANDERIN GUIRNALDA HAPPY BIRTHDAT CON GLITTER
2771,BANDERIN GURINALDA HAPPY BIRTHDAY METALIZADO
21184,BANDERIN LISO BLINDER X 2 MTRS
9685,BANDERIN LUNAR CHICO LOW COST
9551,BANDERIN LUNARES (3.20MTS) VS COLORES X1 IMAGEN
11259,BANDERIN MARGARITAS ROSA X1 GRAFIGOLD
22000,BANDERIN METALIZADO GOLD ROSE/DORA/PLAT CO2200 JOTABE
59552,BANDERIN MI BAUTISMO CELESTE BAMBCE RIVAS
20989,BANDERIN MI BAUTISMO LETRAS DORADAS FONDO COLOR X1
59569,BANDERIN MI BAUTISMO ROSA BAMBRS RIVAS
51476,BANDERIN MULTICOLOR LISO GUT03
46036,BANDERIN OFERTA
29760,BANDERIN PASTEL 3.6MT GUT03PA
22115,BANDERIN RAYADO (BLINDER)
8945,BANDERIN TRIANG MULTICOLOR PASTEL
59231,BANDERIN TRIANGULAR ROSA BANTRS RIVAS
8135,BANDERINES CON PALITO CHICO PARA TORTA ANA
36164,BANDERINES SACRAMENTO (COMUNION) BAN036-2 RIVAS
44411,BANNER EGRESADO/AS BANEG RIVAS
50479,BANNER FELIZ CUMPLEAÑOS NENA BAFC01
50493,BANNER FELIZ CUMPLEAÑOS PLATEADO BAPL01
6341,"BANNER PELOTA DE FOOTBALL X 1,80 BAN012"
23379,BANNER VERANO TROPICAL X1 BAN021-2
7204,BASE CORAZON TELGOPOR ANA
6800,BASE MICKEY TELGOPOR ANA
60297,BASE P/GLOBO VS *COLORES*
8325,BASE PARA GLOBO INDIVIDUAL X 12
71969,BASE/CENTRO PARA GLOBOS CON LUZ MULTICOLOR
6622,BASE/TORTA TELGOPOR REDONDA CON GIBRE CHICA LOLITA
2242,BENGALA BLANCA
2784,BENGALA CON GIBRE X 1 LOLITA
7947,BLISTER ESTRELLA  CON GIBRE X 4 LOLITA
44009,"BLISTER FELIZ CUMPLE CHICO, VELA Y BENGALA LOLITA"
7636,BLISTER FELIZ CUMPLE DECORADO BENGALA Y VELAX1
7257,BLISTER MARIPOSAS C/GIBRE X10
7209,"BLISTER NUMERO 15,18,40,50 Y ESTRELLAS CON BRILLO"
44008,BLISTER VELA CAMISETA Y BENGALA LOLITA
997,BLONDA POSAVASO BLANCA 9/10 CM. X 10 UN
X7297,BOLSA CARTON METALIZADA HOLOGRAFICA CHICA
3462,BOLSA DE DULCES PIRATAS DEL CARIBE DISP. X 10.
6824,BOLSITA DE ORGANZA CHICA 11845/1
FSD0006,CAIDA COLGANTE FLORES BLANCAS 70CM X1 CECIL
55775,CAJA PORTA HUEVO CUNA X 1
163,CAJA REVISTERO MILAN 2159 ENTRANCE
9132,CAKE DECORATIONS TOPPER FELIZ CUMPLE MARIPOSAS X1
7071,CAKE TOPPER FELIZ CUMPLE GIBREADO X 1
6113,CAKE TOPPER P/TORTA X1 VS MODELOS
329,CANCHITAS X 5 DE BOCA.
330,CANCHITAS X 5 DE INDEPENDIENTE/INTER.
331,CANCHITAS X 5 DE RACING.
332,CANCHITAS X 5 DE RIVER.
328,CANCHITAS X 5 DE SAN MARTIN.
TF-59123,CANDEL MINI ESTRELLA FERAL TF-59123
33445,CARETA SCREAM CON TELA TRIGGER
53851,CARTEL 3D BABY SHOWER Y CUMPLEAÑOS X1
22130,CARTEL BABY SHOWER
32715,CARTEL PLASTICO FELIZ CUMPLEAÑOS CON MOÑO VS COLORES X1
6609,CARTEL/FRASE FELIZ CUMPLE FINITO LOLITA
6980,CARTEL/FRASE FELIZ CUMPLE MINI LOLITA GOMA EVA
7303,CARTEL/FRASE GOMA EVA FELIZ CUMPLE GRANDE LOLITA
884,CARTEN HAPPY BIRTHDAYS CON MOÑO
76737,CASCANUECES POLY 37 CM. NA03842/01 CECIL
5360,CASTAÑUELA CON MANGO X3
91005,CENTRO DE MESA BASE P/ 7 GLOBOS X1
464,CETRO REINA (MIC-MAC)
8323,CETRO REY MIC MAC
632,CHALECO REFRACTARIO FLUO X 1
4549,CHOCOLATE ALPINO SEMIAMARGO (TICORAL)
94393,CHOCOLATE MAPRICUBER 500 GR BLANCO
94386,CHOCOLATE MAPRICUBER 500 GR CON LECHE
94409,CHOCOLATE MAPRICUBER 500 GR SEMI AMARGO
71952,CINTA P/ARCO ORGANICO X 5MTS
7044,CINTA PEGAMENTO PARA GLOBOS X 2MTS
8022,CINTAS PARA GLOBO METALIZADA 10 X 5MTS
8254,COLGANTE SIN LUZ OFERTA
35145,COLLAR FLECOS FLUO ECONOMICO X25 (IMAGEN)
35190,COLLAR FLECOS PLASTICO COMUN X25 (IMAGEN)
2923,COLLAR METALIZADO ROJO
547,COLORANTE EN PASTA TORTA. BLOCH
4,COLUMNA PARA 7 GLOBOS 1.32MT MEGA SHOW
51216,CONEJO PORTA HUEVO X 1
4603,CONFITE FRUTAL/ANIS X 500G
5259,CONFITE LENTEJA DE CHOCOLATE.GRAGEADAS X 250 GR
6103,CORAZON TELGOPOR Y GIBRE
60053,CORBATA PAYASO (TRIGGER PACK)
1877,CORBATIN FLUO CHICO (TRIGGER PACK)
8448,CORNETA BARCO C/ AIRE ARGENTINA YJ0844
27718,CORNETIN MINI X 36. (PATRIMAR)
75345,CORNETON  FUTBOL TELESCOPICO VARIOS MODELOS
6272,CORNETON DE CANCHA FLUO
49360,CORO REY DE TELA DORADA PLEGABLE X 1 LOWCOST
40281,CORONA COMPARSA CABARET LUJO
43271,CORONA COMPARSA CON PLUMA BELEN X 1
41547,CORONA COMPARSA CORAZON ECONOMICA X1
99143,CORONA CON STRASS 15 AÑOS X 1
3498,CORONA CON STRASS CHICA
8060,CORONA CON STRASS GRANDE ESPECIAL
9472,CORONA CON STRASS GRANDE GEMAS DE COLORES X 1
9447,CORONA CON STRASS MEDIANA
54403,CORONA FAIRY GEMAS VERDE ACC001 RIVAS
9858,CORONA PRINCESA CON VELO
9764,CORONA PRINCESA PARA ARMAR X 1
49353,CORONA REINA DE TELA DORADA PLEGABLE X 1 LOWCOST
15295,CORONA REINA PIEDRAS PLATA/DORADA BLINDER
49035,CORONA REY FOVE
91304,CORONA REY/REINA PARA ARMAR CON ELASTICO X 1
1865,CORONA/VINCHA ECONOMICA CON  PLUMAS CHINGUEL 48
5492,CORONITA MINI PARA TORTAS X 12
27037,CORTANTE ABECEDARIO CON EXPULSOR
22738,CORTINA CUADRADO/PANEL METALIZADO X1
27159,CORTINA METALIZADA CORAZON/ESTRELLA/TREBOL
4441,CORTINA METALIZADA IRIDISCENTE/MULTICOLOR X1 GUI05 RIVAS
6048,CORTINA TORNASOLADA/METALIZADA  VS COLORES
5497,CORTINAS METALIZADAS X 10
240,CREMOR TARTARO CIOTTI X 50 GRS
8634,CUBITO ANGEL MI BAUTISMO OVEJA/CONEJITO (LOLITA)
21274,CUCHARA/UNTADOR DE ACERO DORADO DISEÑO CORAZON 0101950 MISHK
696,DISFRAZ PRESO T M
9909,ESCENARIO FELIZ CUMPLE CHICO ZENON UNICORNIO ANITA
6523,ESCENOGRAFIA TELGOPOR 15 Y 18 AÑOS 25 Y 50 ANIVERSARIO LOLIT
4013,ESTANTERIAS HIERRO MADERA X1
8171,ESTRELLA/CORAZON CHICA TELGOPOR CON ALAMBRE X 1 LOLITA
739,FLOR DURAZNO MEDIANA X 100.
742,FLORES GOMA EVA SIN IRIS X UN CHICA FLOWER (3902/3962)
2898,GALERITA MULTICOLOR FLUO.
7255,GLOBO TELGOPOR CON GIBRE LOLITA
10836,GORRA PLASTICO FLUO TRIGGER PACK X 1
22293,"GUIRNALDA ""¿NIÑO O NIÑA?"" X1"
51018,GUIRNALDA ANGELES DORADO 3MT GUC03 RIVAS
6907,GUIRNALDA BANDERIN CALADO TIPO MEXICANO BAN20-4
5955,GUIRNALDA BANDERIN NAUTICO BAN003-2
5061,GUIRNALDA BANNER BANDERAS ARGENTINAS BANAR
203,GUIRNALDA BEBE/PATITAS ROSA X 1 ART 20
22747,GUIRNALDA BORLAS GRANDE COLORES PASTEL CO2274 JOTABE
6914,GUIRNALDA CALADA TIPO MEXICANA FLORES BAN20-5 RIVAS
3954,GUIRNALDA CAMPANA GRANDE (156).
2630,GUIRNALDA CAMPANA GRANDE PATRIO (652).
200142,GUIRNALDA CHUPETE ROSA X1 ART N´14
22754,GUIRNALDA CON BORLAS METALIZADA BLINDER CO2275
18082,GUIRNALDA CON RULOS ART 1808
19355,GUIRNALDA CORAZON FRISELINA BLANCO/ROJO/ROSA X 1 ART N°935
51575,GUIRNALDA CORAZON MULTICOLOR GUT13
20178,GUIRNALDA CORAZONCITO X 3 2017
10207,GUIRNALDA CUADRADA COMUNION ART 1020
51551,GUIRNALDA CUPCAKES MULTICOLOR GUT11
33521,GUIRNALDA CUPIDO CORAZONES ROJO Y DORADO GUT14-2 RIVAS
7604,GUIRNALDA DECO TABLE PARA MESA 2.75 X 0.75 MT
51599,GUIRNALDA ESTRELLAS MULTICOLOR GUT15
8675,GUIRNALDA FELIZ CUMPLE ARGOS DISP X 1
22804,GUIRNALDA FELIZ CUMPLEAÑOS METALIZADO BLINDER
51568,GUIRNALDA GLOBO MULTICOLOR GUT12
29869,GUIRNALDA GLOBO PASTEL 3.6MT GUT12PA RIVAS
20072,GUIRNALDA GRANDE FELIZ CUMPLE ARGOS DISP
5948,"GUIRNALDA MARINERO/ANCLAS,SALVAVIDAS X3M BAN003-1"
22552,GUIRNALDA MEDALLON DE COLORES X6 (JOTABE)
22722,GUIRNALDA MEDALLON X 2 ART2271
9288,GUIRNALDA MEXICANA C/CALAVERA ART N´928
9554,GUIRNALDA MEXICANA FRISELINA BLANCA ART 955
7552,GUIRNALDA MULTICOLOR X 4 CHICA N°72
51001,GUIRNALDA PALOMAS AMARILLA 360X19 GUC02 RIVAS
50998,GUIRNALDA PANAL AMARILLO Y BLANCO X 4 UNIDADES GUC01
51469,GUIRNALDA PANAL MULTICOLOR X 4 GUT02 RIVAS
29913,GUIRNALDA PANAL PASTEL X 4 GUT02PA RIVAS
5523,GUIRNALDA PATRIO CHICA CORAZON  CAMPANA ART. 609
40327,GUIRNALDA REDONDA COMUNION X 2 ART 4032
51711,GUIRNALDA REDONDA ROSA 360CM GUTRS
33460,GUIRNALDA REDONDA VERDE OSCURA 360CM GUTVO RIVAS
40150,GUIRNALDA ROMANTICA COMUNION X 2 ART 4015
353,GUIRNALDA TREBOL VERDE ART35
31238,INFLADOR ELECTRICO DOBLE PICO
26265,INVITACIONES FELIZ CUMPLE X10 DISP
17,JARRITO VIDRIO RECTO C/MANIJA 250CC X1
11601,KIT ESCARAPELAS PATRIA X 4 RONDINELA
29951,KIT GUIRNALDA MEDALLON AZUL X 6 GUFANAZ RIVAS
51623,LATA DECORATIVA CON TAPA REC 5162
5442,LENTEJA DE CHOCOLATE CORAZON MULTICOLOR X 500GR
5558,LENTEJA DE CHOCOLATE CORAZON ROSA X 500GR
7451,LENTEJA DE CHOCOLATE GUADALEST MULTICOLOR X 500GR
3559,LINTERNA GRANDE X 1
3535,LLUVIA METALIZADA AZUL X 10 CM. (IMAGEN).
3533,Lluvia metalizada dorada x 10 cm. (Imagen).
3532,LLUVIA METALIZADA PLATEADA X 10 CM. (IMAGEN).
3534,LLUVIA METALIZADA ROJA X 10 CM.(IMAGEN).
3536,Lluvia metalizada verde x 10 cm. (Imagen).
45794,LUCES LED CON 28 UNICORNIOS ROSAS 64579
30454,MANGA DE REPOSTERIA Nº 0 X 10 IMAGEN
30461,MANGA DE REPOSTERIA Nº 1 X 10 (IMAGEN).
30478,MANGA DE REPOSTERIA Nº 2 X 10 (IMAGEN).
30485,MANGA DE REPOSTERIA Nº 3 X 10 (IMAGEN)
30492,MANGA DE REPOSTERIA Nº 4 X 10 (IMAGEN)
4039,MANGA FORRADA CON NYLON Nº 30
4685,MANGA FORRADA CON NYLON Nº 40
2269,MANGA FORRADA CON NYLON Nº 50
5119,MANGA MM Nº1
3492,MANITOS CHICAS X 24 (PATRIMAR)
1152,MANITOS GRANDE X 6 (PATRIMAR)
21207,MANTEL COMUNION (PRIMUS/TODO COLOR
9436,MARCO INSTA/FACE PHOTO X 1
62856,MEDALLON ESTELAR X 1
8276,MINI CONFITE LENTEJA CHOCOLATE X 250 GRS
59013,MINI POINSETTIA PICK 3 FLORES ROJA/NATURAL(TODO FLOR).
31068,MOLDE DE SILICONA HUEVO Nº 5 MM33-106
101039,MOLDE DE SILICONA HUEVO Nº 6 X 8 MM35-51
17B10,MOLDE P/4 DONAS 17B10
7977,MOLDES HUEVOS GAUDI VS MODELOS X1
19201,MURAL CHUPETE ROSA LLEGO EL BEBE 19201
6863,NIEVE ARTIFICIAL X 400 ML GRANDE NASHVILLE AEROCOR
9045,NUMERO GIGANTE CELESTE MULTICOLOR ROSA LUMINOSO X 1
19002,NUMERO PLASTICO GRANDE PLATEADO PARA TORTA X 1
262,NUMERO PLASTICO GRANDE ROSA PARA TORTA X 1
10754,NUMERO PLASTICO PARA TORTA METALIZADO X 1 BLINDER
6308,PALO CON CABEZA BEN/GLOBO INFLABLE
1363,PANDERETA (PATRIMAR).
5677,PANEL SHIMMER WALL 30CM*30CM
1369,PAPEL CELOFAN X 2 PLIEGO
2845,PAPEL METALIZADO PARA HUEVO 55 CM X55 CM X UN
2642,PAPEL PICADO METALIZADO X 350 GRAMOS
1370,PAPEL PICADO METALIZADO X 500 GR. PATRIMAR
8578,PAQUETE BLONDAS BORDADA BLANCA
9174,PARRILLA PARA ARMAR COLLAR X 1
6111,PASA PARED VARIOS
4019,PASA PARED VIVA LA PATRIA.
78113,PELOTA NAVIDAD X 6 X 10 CM. BLAN PLATA NA32248/01 CECIL
5811,PERCHERO MEDIANO 3 PERCHAS MEDIO
9744,PHOTO PROPS DISNEY X 12 TRIES
55060,PHOTO PROPS EMOTICONES XL X5
1472,Pico Confiteria
58092,PINCHE ADORNO CARTON GUERRERAS K-POP/BTS
8172,PINCHE FIGURAS SOBRE TELGOPOR CON PALITO X 1
8832,PINCHE SCRAP ANITA X 1
10000,PISTOLA ENCOLADORA ARTESANATO CHICA 10WTS
27719,PITO X 36 PATRIMAR
7917,PIÑATA CARTON MERLINA X1 OTERO
5383,PIÑATA DE CARTON MAX STEEL DISP. X 1.
9603,PLACA COPA DEL MUNDO CHICO X 1
2371,PLACA COPA TAMAÑO REAL DOBLE
8815,PLACA DOBLE MEDIANA PASCUA
7248,PLACA GIGANTE DOBLE TRANSPARENTE
3872,Placa huevo FyF Nº 10.
3857,Placa huevo FyF Nº 12.
3858,Placa huevo FyF Nº 15.
3859,PLACA HUEVO FYF Nº 18
3860,Placa huevo FyF Nº 20.
3861,Placa huevo FyF Nº 5.
3862,Placa huevo FyF Nº 6.
3863,Placa huevo FyF Nº 7.
3864,Placa huevo FyF Nº 8.
3865,Placa huevo FyF Nº 9.
40125,PLACA HUEVO N 12 CON DISEÑO TRIGGER
7654,PLACA HUEVO N° 40 TRIGGER
3866,Placa huevo Nº 25.
3867,Placa huevo Nº 30.
3868,Placa huevo Nº 35.
710201,PLACA OREJAS DE CONEJO PARPEN X 2 SPOC
8449,PLACA UNICORNIO CHICO X 1
7247,PLACAS CONEJO GRANDE P10
2448,PLATO CARTON MULTICOLOR PASTEL X8 FESTCOPACK
7898,PLATO POLIPAPEL CELESTE LUNAR PLATEADO X 6 DPC052 RIVAS
5003,PORTAGLOBO COMPLETO (PATRIMAR).
10001,PORTAGLOBO COMPLETO X 25 PATRIMAR
6415,PORTAGLOBO GIGANTE PATRIMAR X 1
1649,PORTAGLOBOS COMPLETO TRANSPARENTE X 1
1650,PORTAGLOBOS PALITOS (PATRIMAR).
7243,POSA HUEVO 50CM X 10
7244,POSA HUEVO 70 MM X 10
7655,POSA HUEVO OCTOGONAL 62CM X 10 TRIGGER
18201,POSTER CHUPETE/LECHUZA PRIMER AÑITO ROSA 18201 PRIMUS/TRIE
952465,RENO PARADO GRIS 58X96CM NA20203 CECIL´S
1693,ROSA ESPECIAL GRANDE CON HOJA X 4.
3997,SERPENTINA EN AEROSOL (AEROCOR).
1745,SERPENTINA PAPEL RAYADA ROVENA
10171,SET PLACA CARA DE UNICORNIO  X 2 PARPEN
10560,SET PLACA DE HUEVO RELLENO X 2 PARPEN
10188,SET PLACA HOMBRE ARAÑA X 2 PARPEN
11628,SET PLACA HUEVO ALHAJERO 13CM X 2 PARPEN
11000,SET PLACA HUEVO CON OREJAS PARPEN X 2
11338,SET PLACA HUEVO MAGICO PARPEN X 2
10546,SET PLACA PARA HUEVO ZORRIT/CONEJ X 2 PARPEN
11018,SET VELA PELOTA X 3
32142,SET VELAS BOTINES Y PELOTA X 6 VS012 RIVAS
91488,SET VINCHA METAL CON STRASS Y BANDA MOM TO BE X 1
91273,SET VINCHA METAL ROSA CALADA CON STRASS Y BANDA BRIDE X 1
91709,SET VINCHA METAL Y BANDA BRIDE CON VELO X 1
91457,SET VINCHA METAL Y BANDA BRIDE DIAMANTE X 1
32381,SET X 2 VELAS ANILLOS 24.5CM 3238
6658,SILUETA C/ BASE TIK IOK X1
60243,SOMBRERO BOMBIN CON BRILLANTINA GIBRE
4407,SOMBRERO BOMBIN ECONOMICO DIBUJOS/LISO/FLUO TRIGGER
2594,SOMBRERO CASCO BOMBERO (HERRERA)(REY CARIOCA TRIGGER
6247,SOMBRERO COWBOY PLASTICO DE ARGENTINA
79275,SOMBRERO ESPAÑOL CON BOLAS ROJAS GO094
72711,SOMBRERO MEXICANO NEGRO PAÑO X1
1894,SOMBRERO PIRATA/COLON  PLASTICO(PARTY-TRIGGER)
545,SOMBRERO POLICIA INGLES NEGRO X 1
18810,SOUVENIR BODA C/STAMP. X 30 (18810) (PRIMUS)/(MOMENTOS)
3761,SOUVENIR BODA X 30 (11203)(DINPRES).
5720,SUPER NUMEROTE METALIZADO VELA X 1
TEN50,Tenedores descartable x 50 (Safed).
244,TIARA CLEOPATRA ECONOMICA (CHINGUEL) 49
473,TOPPER CON CORONITA NUMERO ROSA GOLD CHICO
44007,TOPPER CON VELA Y BENGALA CON GIBRE FUTBOL LOLITA
CAKE,TOPPER P/TORTA CHICO X1
5127,TOPPER P/TORTA PERSONAJES *ECONOMICO* LOLITA
TF-10A108,VARA DE ARECA CON GLITTER DORADO X 3 TF-10A108 TODO FLOR
2057,VASO ACRILICO TRANSPARENTE OFERTA
5807,VASO POLIPAPEL AFA X8 OTERO
8567,VELA AMERICANA N 3. 30 CMS X 8 UN.
7681,VELA AMERICANA NEVADA X 8 UN
3226,VELA AMERICANA NUÑEZ X CU
7682,VELA AMERICANA Nº 2 X 8 UN
8584,VELA AMERICANA PERLADA / NEVADA 25 CM. X 8 UN.
36547,VELA BICOLOR X 6 CELESTE/ROSA MEGA SHOW
10220,VELA CHISPITA CORAZON ESTRELLA BLINDER
10213,VELA CHISPITA NUMERO X 1
31459,VELA COMBINADA CELESTE 6CM X12 VR12AZ
31576,VELA COPA CAMISETA PELOTA Y 4 VELAS PALITO VE157
31569,VELA COPA DEL MUNDO X 1 LOW COST
3300,VELA DE NOCHE X 12 .
300250,VELA EN PERLAS BLANCA X 250G
45322,VELA ESPIRAL METALIZADA CON PORTAVELA X 6
91260,VELA FELIZ CUMPLE CON BRILLO
75789,VELA FINITA 17 CM TORNEADAS COLORES VARON X24 VTSB
75772,VELA FINITA 17CM ROSA X 24 VTSG
75758,VELA FINITA 17CM TORNEADA CELESTE X 24 VTSCE
75734,VELA FINITA TORNEADA 17CM MULTICOLOR  X 24 VTSMU
75765,VELA FINITA TORNEADA BLANCA X 24 VTSBL
45272,VELA FLOR MUSICAL  ROSA VPF RIVAS
6692,VELA FLOR/ESTRELLA/ PALITO CON GIBRE
21818,VELA LARGA METALIZADA DORADAS X 8 VLMDO RIVAS
21856,VELA LARGA METALIZADA ROSA GOLD X 8 VLMRG RIVAS
21832,VELA LARGAS METALIZADAS PLATEADAS X8 VLMPL
79442,VELA MAGICA MULTICOLOR X 10 VMMU RIVAS
600770,VELA MUJER EN EL CAÑO 14 CM X 1 (RISATA)(60077)
36554,VELA MULTICOLOR CON PORTAVELA X 12
3299,VELA NUMERO CON LUZ Y PILA (PEDRO LUCAS)
31409,VELA NUMERO FORMA DE GLOBO 0 AL 9 DORAD MULTICOLOR CHOGORI
112,VELA NUMERO GIBRE SIN PALITO OFERTA
9935,VELA NUMERO GIBREADA CON PALITO LOLITA
8942,VELA NUMERO PERLADOS PLATA/DORADO 0 AL 9 LIVORNO
1141,VELA NUMEROTE CON GIBRE N 0 AL 9
2173,VELA Nº1 AL Nº9 BLANCA X 10. CHICA CARMILA
2174,VELA Nº1 AL Nº9 CELESTE X 10 CHICA (CARMILA)
2175,VELA Nº1 AL Nº9 ROSA X 10 CHICA (CARMILA)
31439,VELA PALITO CON PELOTA VERDE X 8
756,VELA PAYASO 3D MULTICOLOR C/PALITO 60075
8446,VELA PERLADA 15 CM X 10 (CARMILA)
899,VELA PERLADA X 6 CON PORTAVELA
8970,VELA PINITO X 100 BLANCA CELESTE ROSA
67028,VELA TIRABUZON PERLADA X 12
23812,VELA TIRABUZON PERLADA X 6
2221,"VELA TORNEADA 8"" VARIOS COLORES"
9424,VELA TORNEADA LARGA C/GIBRE X1 LOLITA.
70344,VELA TORNEADA METALIZADA X 6 LOW COST
7502,VELA TORNEADO BLANCA 21.5CM CARMILA
31446,VELAS FUTBOL X 8 CON PORTAVELA
21672,"VELAS LARGAS CELESTE LUNAR,RAYA,PLATA X10 VLICE"
21719,VELAS LARGAS GIBRE BICOLOR CELESTES X 16 VLGCE RIVAS
21757,VELAS LARGAS GIBRE BICOLOR DORADAS VLGDO
21733,VELAS LARGAS GIBRE BICOLOR PLATEADA VLGPL
79411,VELAS MAGICAS MAGENTAS VMMA
8331,VELAS PERLADAS X12 VS COLORES
8966,VELAS TORNEADAS LARGA DE COLORES X 12 LIVORNO
23898,VELITA MULTICOLOR CON PORTAVELA X 10 LOWCOST
6765,VELON MINI 3 CM BLANCO/ROJO X1 CARMILA
2511,VELON Nº0 6 HS. MEDIANO VARIOS COLORES (NUÑEZ)
2815,VELON PARAFINA LED 7.5X10 FNV1423
2237,VELON TORNEADO BLANCO X 20
2238,VELON TORNEADO CELESTE X 20
7986,VELON TORNEADO CON GIBRE X UNID.PARA TORTA LOLITA
2239,VELON TORNEADO ROSA X20
2504,VIBORITA X 12 PATRIMAR
8231,VINCHA 3 FLORES PRIMAVERA CON TUL CHINGUEL
2354,VINCHA CON PETALOS DE FLORES X 10 (HAWAI/POMPON)(COTILUXE).
6742,VINCHA FELIZ CUMPLE PLASTICA CON BANDA
6083,VINCHA STRASS METAL/FLOR AL COSTADO
60140,VISERA FLUO X 1 (TRIGGER PACK)
