Codigo,Nombre del articulo (segun 1-Precios.csv)
39035,ALA HADA TORNASOLADA VERDE NIÑA AC657 RIVAS
221551,ALFOMBRA FIBRA NATURAL RECTANGULAR 70X40CM
01951,ALFOMBRA SEAGRASS LACE 150 CM ENTRANCE 2698
9313,ALMOHADON KIKA NATURAL 60X90CM AKIKANA CLAUDIA ADORNO
22412,ALSTROMERIA X 5 5 CM FL 22412 CECIL
8993,ANGEL VARON ARRODILLADO BLANCO CON LUZ 25C07WB APOS
9584,ANGEL VARON SENTADO CON PLUMA CHICO
3635,ANGELITO ARRODILLADO BLANCO NENA/VARON 25C328-WG-WB APOS
ACRILICO12,ANTEOJO ACRILICO X12
92258,ANTEOJO CHOP
ANTMETAL,ANTEOJO METALIZADO ECONOMICO X12
12146,APOYA FUENTE SILICONA X 1
13370,ARCO Y FLECHA GIGANTE
10607,ARMADOR DE FLORES PARPEN
02422,AROMO BUSH X 9 42CM FL02422
42084,BANDEJA CENTRO HOJA 47CM DORA/BLANCA G120-4208/07 MANO TEXTI
4222,BANDEJA DE CARTON 103 MARRON CON TAPA 17X13X5CM X 1
17769,BANDEJA DE PORCELANA CUADRADA 19X19X2 101776 D´SAZA
17776,BANDEJA DE PORCELANA CUADRADA 25X25X2CM 101777 D´SAZA
17806,BANDEJA DE PORCELANA RECTANGULAR 30X18X2CM 101780 D´SAZA
17813,BANDEJA DE PORCELANA RECTANGULAR 36X21X2CM 101781 D´SAZA
70234,BANDEJA OVAL SANTA CRUZ 25X18 CM MISHKA
14752,BANDEJA PORCELANA BLANCA 18X31 4191475 D´SAZA
12746,BANDEJA PORCELANA HOJA BLANCO 35X15CM 0106J95 MISHKA
332016,BANDEJA TEFLON 33X22CM X1 MM33-201A
332015,BANDEJA TEFLON 37X26CM X1 MM33-201B
2625,BANDERA PLASTICA 40 X 60.
21412,BASE GIRATORIA DOÑA CLARA
36911,BEBE C/ MAMADERA Y CHUPETE (SONIDO)
9783,BEBE CELESTE CON GLOBOS EN MANTA 19265A
9245,BEBE GORRO PARADO ROSA TG011635G APOS
8888,BEBE SENTADO CON VISER Y CHUPETE GRANDE ALJ10B879B APOS
73242,BIGOTE EINSTEIN X 1 BIG02 RIVAS
35822,BIGOTES CON CEJAS
03262,BIZCOCHUELO CUADRADO BAJO 26 X1(26X26X5)
9595,BLONDA BORDADA BLANCA REDONDA 15CM X 100
27759,BLONDA CORAZON BLANCA 25CM X 12UNI DBLCA25BL RIVAS
7060,BOLSITAS CELOFAN 10X15CM X 100 PARA HUEVO
61669,BOTELLA ALUMINIO DEPORTIVA MOSCU VISON 750 ML MISHKA
65117,BOTELLA CONICA DE ACRILICO TAIPEI 1000 ML MISHKA
65186,BOTELLA CONICA DE ACRILICO TAIPEI PETROLEO 1000 ML MISHKA
65162,BOTELLA DE ACRILICO CON RELIEVE TAIPEI PETROLEO 1000 ML
65148,BOTELLA DE ACRILICO FACETADA TAIPEI PETROLEO 1000 ML MISHKA
6274,BOTELLON ACRILICO GDE 1.6L TAPA BLANCA ABOTEGR CLAUDIA ADO
24924,BOUQUET DE FLORES 30CM G120-2492
74897,BOUQUET DE PIMPOLLOS FL11910 DELIFLOR
54005,BOWL CUADRADO DE ACRILICO GALATA TRANSPARENTE 400 ML MISHKA
58591,BOWL DE ACRILICO VALLARTA 700 ML MISHKA
12616,BOWL DE PORCELANA CARRARA 20X17CM X1 MISHKA
58941,BOWL OVAL DE ACRILICO OLIVE 550 ML MISHKA
43276,BOWL TRAMA MARGARITA 12X7.5CM 0511404 MISHKA
ART1117,BUDIN EXTENSIBLE 11 X 20CM
34502,CAFETERA CON EMBOLO CREMA BAMBOO 800 ML MISHKA
TF-75002,CAIDA DE HOJAS CHICAS HIEDRA VERDE TF-75002 TODO FLOR
TF-75044,CAIDA DE HOJAS POTHUS 90CM TF-75044 TODO FLOR
01093,CAJA CUCHARA SUNDAE BLANCA X 1000
67048,CAJA DE TE 3 CAVIDADES 24X8X6CM 4196704 D´SAZA
67024,CAJA DE TE 4 CAVIDADES 16X16X6CM 4196702 D´SAZA
A5353,CAJA MOIX SET X2 (353W)
56112,CAJA MULTIUSO CRAFT TAPA ACETATO X 1
6774,CAJA PARA TORTA BLANCA 25X25X15CM X 1
04117,CAJA VASO DEGUSTACION 125CC CRISTAL X 100
02066,CAJITA MULTIUSO LILA PASTEL X6 OTERO
02462,CAJITA MULTIUSO MULTICOLOR PASTEL X6 OTERO
02127,CAJITA MULTIUSO VERDE PASTEL X6 OTERO
70087,CALATHEA NAT 40CM VRVR09203 CECIL`S
6629,CAMINO DE MESA GASA CON VOLADO 2.50X45CM ATREVETE
60174,CAMINO TEJIDO NATURAL 30X118 CM MISHKA
60181,CAMINO TEJIDO YUTE Y NATURAL 30X120 CM MISHKA
60198,CAMINO TEJIDO YUTE Y NEGRO 30X120 CM MISHKA
8601,CANASTA  PARA ALIANZA DE CASAMIENTO
5026,CANASTO ABAKO GRANDE DUKAAN HOME
6224,CANASTO ABAKO MEDIANO DUKAAN HOME
8010M,CANASTO BICOLOR CON ASAS 35X36CM
32757,CANASTO OVALADO MANIJA DE HIERRO MEDIANO X 1 2175
71787,CANASTO REDONDO MANIJA HIERRO MEDIANO X 1 ART 2179
5958,CANASTO TEJIDO SEAGRAS MEDIANO CON MANIJA X 1
6833,CANASTO VENETO GRANDE
70728,CANDEL DECO DORADO CON SOGA 12X12CM UPB5666 CECIL`S
70742,CANDEL DECO DORADO CON SOGA 14X16CM UPB5667 CECIL`S
70759,CANDEL DECO PLATA CON SOGA 14X16CM UPB5667 CEIL`S
38576,CANDEL PORTAVELA VIDRIO REDONDO G120-3888 GOLDA
44952,CANDELABRO PORTAVELA DE VIDRIO G120-4495 GOLDA
49810,CANDY BAR MINNIE MAUSE OTERO
350,CAPA DRACULA NIÑO  T 10 CROSTI/MIC MAC
340,CAPA NEGRA DE BRUJA NIÑO X1 CROSTI
29076,CARETA CALAVERA DURA CON ELASTICO MM129-07 M&M
387,CARETA CALAVERA DURA CON TELA
4380,CARETA DARTH VADER (STAR WARS) X1 HERRERA
8571,CARETA PELUCA MILEI PELUCA X1 TRIGGER
15243,CARETA SCREAM DURA CON LUZ MM15-24 M&M
54607,CARETL NEON HAPPY BIRTHDAY CON LUZ
78995,CASCO ESPARTANO GO066 RIVAS
53258,CASCO GALACTICO BLANCO STAR WARS GO113 RIVAS
26059,CASCO GALACTICO NEGRO STAR WARS GO156 RIVAS
53333,CASCO GLADIADOR GO118
53371,CASCO MEDIEVAL GO119 RIVAS
53210,CASCO MILITAR CAMUFLADO DURO RIVAS GO111
79008,CASCO SOLDADO ROMANO CRESTA PLUMA ROJA GO067 RIVAS
8764,CAÑA DE BAMBOO 1.70MT C5560 CECIL`S
40013,CENICERO DE VIDRIO LIVING HOME X 1 G120-2876 GOLDA
33356,CENTRO DE MESA MADERA REDONDA CHICA BLA/DOR/PLA/NEG
33226,CENTRO DE MESA MADERAREDONDA MINI BLA/DOR/PLA/NEG
72753,CENTRO DE MESA RECT MANIJA HIERRO MEDIANO 2176 ENTRANCE
6444,CENTRO NOVIA NATURAL CHICO MER0268
6443,CENTRO NOVIA NATURAL MEDIANO MER0268
9396,CEPILLO ACERO INOXIDABLE 17X15 CM CLAUDIA ADORNO
5213,CESTO ORGANIZADOR PAPER BLANCO CHICO 2462 ENTRANCE
9511,CHISPA FRIA 2 MTR X 20 SEGUNDOS
040483,CHURRERA C/3 PICOS E INYECTOR PARA RELLENO X1
6388,CHURRERA X 1 DE METAL
9538,CINTA ADHESIVA 2.5CM
366,CINTA AMARILLA DE 2 CM. X 50 M. (BORGHELLO).
4144,CINTA DORADA DE 2 CM. X 50 M. (BORGHELLO).
03999,CINTURA REGULABLE REDONDA 20X30CM DOÑA CLARA
MARCO12,COMBO ANTEOJO MARCO COLOR X12
BURBU10,COMBO BURBUJERO BLINDER CHICO X10 VS COLORES
COLERO12,COMBO COLERO CON LUZ X12
CORLUZ12,COMBO CORBATA CON LENTEJUELAS Y LUZ X12
BURBUJA50,COMBO GLOBO BURBUJA X50 BOLSA CERRADA
GUANTE12,COMBO GUANTE RED FLUO X12
MARCOJ12,COMBO MARCO COLOR NIÑOS X12
MOÑOLUZ,COMBO MOÑO CON LUZ Y LENTEJUELA X12
COMENCANTO,COMBO OTERO ENCANTO
SETTRAB,COMBO SET TRABA Y COLERO INFANTIL PAQUETE X6
SHOT10,COMBO SHOT DEGUSTACION 50CC X10
FUNYI12,COMBO SOMBRERO FUNYI TEJIDO COLOR X12
PANAMA12,COMBO SOMBRERO PANAMA X12
VASO500,COMBO VASO 500CC X60
AMERICANO60,COMBO VASO AMERICANO ROJO/AZUL 500CC X50
VASDEGU10,COMBO VASO DEGUSTACION 125CC X10
CAMISETA6,COMBO VINCHA CAMISETA X6
CONEJOLED12,COMBO VINCHA CONEJO PELUCHE C/LUZ X12
COLED12,COMBO VINCHA CORONITA CON LUZ X12
DIABLITA12,COMBO VINCHA CUERNO DIABLITA C/LUZ X12
FLORESDA418,COMBO VINCHA FLORES DA418D X 12
FRESEARG6,COMBO VINCHA FRASE ARGENTINA X6
108000,COMBO VINCHA LUZ CON FLORES X10 NUEVO
VISERA12,COMBO VISERA RETRO VS COLORES X12
021443,CONFETI CIRCULOS Y ESTRELLAS DORADAS CO07
5140,CORNETA TRUENO PARA CANCHA ARGENTINA
27044,CORTANTE ABECEDARIO CON EXPULSOR
01467,CORTANTE CUADRADO N 7 X 1
90338,CORTANTE DE CORONA X2
86793,CORTANTE MARCADOR ANIMALITO CON EXPULSOR X 3 BY-79
33069,CORTANTE PLASTICO ABECEDARIO 33-06 M&M
06810,CORTANTE UNICORNIO X 2
6106,CORTANTES NUMERO GIGANTE DE HOJA LATA 28CM  X 1
ZLE-LN244,CORTINA 200 LEDS LUCES 2X2 CALIDA LN244
21015,CORTINA MICRO LED 3 X 3 METROS 300LED MGA SHOW
00019,COWBOY ANIMAL PRINT TELA X1 (MEGASHOW)
ART1255,CUADRADO DE HOJALATA 12CM X 15CM DE ALTO ART1255
44372,CUADRO GUADA 25X70
44574,CUBIERTOS CON REGALO NAVIDAD X 6 104457 D´SAZA
32388,CUCHARA DE BAMBU 11CM X 25 PAS3 RIVAS
06988,CUCHARA PLASTICA METALIZADA 17CM X 10 UN
16909,CUCHARAS METALIZADAS 10CM X 25
CREDGR,CUENCO GRANDE DE CEMENTO SIMIL TRONCO CREDGR KOOK
8104,DAMA ANTIGUA ESPECIAL T:1 CON VOLADO Y ENCANJE CROSTI
56254,DENARIO CON PERLAS CRUZ OPALINA X 10
73384,DESTAPADOR NAIPE DE METAL X 1
51075,DISFRAZ BOMBERO NIÑO T:M 7-9 AÑOS DI059M RIVAS
7910,DISFRAZ BRUJA CORTO CON CALAVERA Y TUL CROSTI
3938,DISFRAZ CABALLERO TALLE 8 MIC MAC
4191,DISFRAZ DE BELLA DURMIENTE T:2 (CROSTI)ROSA FUCSIA
51198,DISFRAZ GLADIADOR T:M 7-9 DI042M RIVAS
7481,DISFRAZ HOMBRE ARAÑA MUSCULOS TALLE 1/2/3/4
08189,DISFRAZ INFLABLE MARCIANO
4454,DISFRAZ PRINCESA SUPER LUJO AZUL
7199,DISFRAZ SIRENITA ESPECIAL AZUL
49331,DISFRAZ/VESTIDO DE PRINCESA DE ENSUEÑO T: 0 DI032-T0 RIVAS
5479,DISPENSER CERAMICA BEIGE/GRIS RUBBER SOFT RSOFTD CLAUDIA
41760,DISPENSER DE VIDRIO C/ TAPA Y MALLA DE MIMBRE 4L MISHKA
59518,ENGLISH IVY NAT X13X303LV X89CM VR63303
54036,ENSALADERA CON CUBIERTOS DE ACRILICO GLA GLAS TRANS 3300ML
17078,ENSALADERA OVAL DE ACRÍLICO OLIVE RAYAS 3300 ML MISHKA
5575,ESENCIA VAINILLA X 30CC
45689,ESPATULA SCRAP ACERO COOPER N 10 20C10CM
45687,ESPATULA SCRAP ACERO COOPER N 16 20X10CM
40121,ESPECIERO RECTO CHICAGO GOLDEN MINK 340ML 0504058 MISHKA
5334,ESPEJO CHICO SOL DORADO UP10174
6841,ESPEJO FRESIA NEGROL DUKAAN HOME
09341,ESTEKA PARPEN VAINILLA MULTIUSO X 1
37899,ESTEKAS MOLDEADORAS DE AZUCAR X6 (ROSA-GRIS)
01734,ESTEKAS PARPEN X 9
KA1075,FANAL CIRCULOS CHICO KA1075 IVSA
KA1074,FANAL CIRCULOS GRANDE KA1074 IVSA
T315P,FANAL DE VIDRIO PLATEADO 8CM T315P JUNKO
KA902,FANAL PLATEADO CON MOSTACILLA KA902 IVSA
KA722,FANAL TALLADO MANCHAS DORADO KA722 IVSA
7292,FAROL BLANCO CON PLATEADO CHICO 34CM UPW0383 CECIL`S
4224,FAROL BLANCO CON PLATEADO CHICO 40CM UPW0005 CECIL`S
9012,FAROL MADERA CHICO 34CM UPW0383 CECIL
9169,FAROL MADERA MEDIANO 53.5CM UPW0383 CECIL`S
08991,FIDDLE LEAF X 4 90CM VR08991 CECIL`S
4037,FLORERO BALI CLEAR 27X6 2614 ENTRANCE
4215,FLORERO BK DOT 16X6 2607 ENTRANCE
8588,FLORERO CILINDRO GRANDE 15 X 45 VCIL15GR CLAUDIA
5653,FLORERO CILINDRO MEDIANO 10X25 CM VCIL10ME CLAUDIA
ZCOR,FLORERO CORTEZA 7CM ZCOR7 KOOK
68718,FLORERO DORADO/PLATEADO 12X11CM MC222XS CECIL`S
5831,FLORERO HARMONY 20CM 2573 ENTRANCE
4339,FLORERO ICONIC BLACK 20X8 2622 ENTRANCE
ZFLTR,FLORERO TRAZOS CHICO ZFLTRCH KOOK
9528,FLORERO VIDRIO CLASICO CHICO 14X20CM CLAUDIA VCLASCH
9531,FLORERO VIDRIO TRAPECIO CHICO 11X12CM CLAUDIA (VTRAPECH)
31273,"FRASCO CHICAGO CON VISOR BLACK 10X12,5CM MISHKA"
31266,FRASCO CHICAGO CON VISOR BLACK 10X18CM MISHKA
31228,"FRASCO CHICAGO CON VISOR BLACK 8,5X21CM"
990299,FRATACHO ALISADOR MANGO CELESTE
J402,FRISO DECORATIVO 107CM J402 JUNKO
J220,FRISO DECORATIVO 134CM J220
J432,FRISO DECORATIVO 90CM J432 JUNKO
J400,FRISO DECORATIVO 90CM JUNKO
16069,FUENTE PORCELANA CUADRADA 25X25CM 101606 D`SAZA
34565,GALE DE PAÑO VERDE CON MARGARITA 134-56 M&M
7999,GALERA CREATIVA CANDY ROCKLETS/PALETAS X1 LOCA CABEZA
9636,GALERA LUJO CON PLUMA METAL GANDALF
40492,GALERA RIGIDA LUNAR X1
7141,GEMAS LAGRIMA METAL N 2 PARA COSER X 6 (FORNITURAS)
04781,GLITTER PACK CORAZONES ROSA X 6 GLP-952 RIVAS
00131,"GLOBO ESTANDAR AZUL 10"" X 50 EMANUEL"
00100,"GLOBO ESTANDAR BLANCO 10"" X 50 EMANUEL"
01855,"GLOBO ESTANDAR ROJO 12"" X 25 EMANUEL"
12569,GLOBO METALIZADO BASTON ARGENTINA X 1 LOWCOST
19495,GLOBO METALIZADO FELIZ NAVIDAD/AÑO NUEVO GMSETFN
6995,"GLOBO PAPEL METALIZADO 32"" PAPA NOEL"
01091,"GLOBO PERLADO NEGRO 9"" X 50 GLOBOLANDIA EMANUEL"
01176,"GLOBO PERLADO TURQUESA 9"" X 50 GLOBOLANDIA EMANUEL"
04269,"GLOBO ROSA PASTEL 12"" X 25 EMANUEL"
6683,GLOBOLOGIA CHROME DORADO X1 (CASA LAVALLE)
51411,GLOBOS DE GLOBOLOGIA ROSA X 12
53146,GLOBOS PLIM PLIM X6 OTERO
05054,GORRA CON LENTEJUELAS IRIDISENTES MM205-04 M&M
78902,GORRO AVIADOR MARRON GO056 RIVAS
5787,GORRO COYA NENA CON TRENZAS X1
3115,GORRO HOMENAJEADO HOLOGRAFICO GRANDE
4561,GORRO PILUSO PLASTICO ARGENTINA X 1 TRIGGER
507,HACHA DOBLE CON CALAVERA MIC MAC
60617,HIELERA DE VIDRIO CON MANIJA DE CUERO MISHKA
TF-02272,HOJA ALOCASIA 47CM X1 TODOFLOR
42197,HOJA DE BANANA LEAF 1MT RM11390 CECIL`S
G120-1927,HOJA MONSTERA CHICA G120-1927
91892,INDIVIDUAL HOJA HORN SEAGRASS X 1
37084,INDIVIDUAL KATMANDU CENTRO GRIS CLARO 38 CM MISHKA
16546,INDIVIDUAL PVC REDONDO DORADO 38 CM 0525110 MISHKA
847601,INVITACION VARIOS MODELOS  X 10 OTERO LINEAS VIEJAS
53961,JARRA DE ACRILICO GALATA TRANSPARENTE 1500 ML MISHKA
65230,JARRA DE ACRILICO TAIPEI PETROLEO 2000 ML MISHKA
68408,JARRA KINGDOM FUME 1500 ML 528162 MISHKA
9768,JARRA MIKONOS AMBLAR/CLEAR CON TAPA 1723 ENTRANCE
92106,JARRA STRIPES AMBAR 1100 ML MISHKA/BORLA CHIC
15496,JARRITO CLEAR CAPRI FACETADO X 6 350 ML
133774,JARRON VIDRIO 11X24X13
133580,JARRON VIDRIO BOTELLA FUME 7.5X30X12
133348,JARRON VIDRIO FUME 10X26X16
71844,KIT MAQUILLAJE CON SANGRE Y STENCIL PINTAFAN
07547,LABIAL METALIZADO X5GR. DORADO ARTELIGHT X1
8989,LAMINA PAPEL ANTIADHERENTE PARA HORNO 30X40CM
52465,LAMPARA COLGANTE JUANA CILINDRO GR 19X41CM 2638 ENTRANCE
52018,LATA CUADRADA TAPA BAMBOO CAFE-TÉ X1 MISHKA 0117C84
7950,LLAVERO METAL DESTAPADOR PAQUETE X 12 FEMINIX
2952,LUZ ARROZ MINI MULTICOLOR X 100 MULTIFUNCION
01459,LUZ CORTINA 304 LED 3 X 3 MTRS ZLE-LN001 CA
T339,MACETA 15CM 1 16 T339 JUNKO
T316P,MACETA 17CM T316 JUNKO
TF-54154,MACETA COLGANTE TODO FLOR 54154
64802,MACETA DE CEMENTO GRIS CON BLANCO CHICA MC02916 CECIL`S
45305,MAMADERA MINI CELESTE / ROSA
04478,MANGA PARA DECORAR CON 6 PICOS BAKING
9112,MANTEL ECOCUERO LISO 1.40 X 3.00 MTS KOOK
5842,MANTEL ECOCUERO SIMIL LINO/TEJIDO GRUESO 1.40 X 1.40MTS KOOK
4074,MANTEL ECOCUERO SIMIL LINO/TEJIDO GRUESO 1.40 X 2.00MTS KOOK
51326,MANTEL KUROMI X1 OTERO
00451,MANTEL LA SIRENITA X1 OTERO
09294,MANTEL MI COMUNION GREEN HOJAS OLIVO X 1 GM
77454,MANTEL MI COMUNION ROSARIO X 1 GM
MNAR,MANTEL PLASTICO (1.20 X 1.80) NARANJA (IMAGEN).
03616,MARCADORES DE TINTA COMESTIBLE X 6
6387CD,MASCARA BRILLANTE C/FLOR AL COSTADO 6387CD
73785,MASCARA DE LATEX BRUJA VERDE CON PELO BLANCO LM09
7624,MASCARA LUMINOSO NO FUNCIONA
3374,MASCARA PIRATA DE TEATRO 4149
25864,MASCARA VENECIANA CLASICA COMUN CON GIBRE
02805,MASCARA VENECIANA CON PLUMA Y PUNTILLA X1
7293,MASCARA VENECIANA ECONOMICA C/PLUMA X1
05086,MASCARA VENECIANA LABRADO C/GIBRE COLORES SURTIDOS
00643,MASCARA/CARETA BATMAN DURA 13
TF-95131,MATA DE GUIPSOPHILAS X 7 TF-95131 TODO FLOR
TF-95272,MATA EUCALIPTUS 40CM TF-95272 TODO FLOR
TF-09116,MATA EUCALIPTUS 54CM TF-09116 TODO FLOR
TF-58109,MATA HOJAS CON FRUTO 40CM TF-58109 TODO FLOR
11-73-2,MINI BROCHE TIRA X 100 FEMINIX
25309,"MINI CAMPANA DE TORTA 12X12,5 CM MISHKA"
19194,MOLDE 8 PATITAS Y 3 HUESOS SILICONA 13S12
08739,MOLDE ALUMINIO TORTERA/PAN DULCE 18 CM X1
9139,MOLDE BUDIN CON FLEJES 250GRS X 10
41788,MOLDE BUDIN TEFLON X 1 5A30 20 X 12
04723,MOLDE DE SILICONA 14 FLORES/MARIPOSAY GUSANOS  CUADRADO 0472
11844,MOLDE DE SILICONA 6 RECTANGULO DE CHOCOLATE 11844
19217,MOLDE DE SILICONA CAKE FLORES X 6 13U12
19187,MOLDE DE SILICONA DONAS DECORADAS X 6 1Q12
70733,MOLDE DE SILICONA FLOR X 8
9088,MOLDE DE SILICONA MINI CUPCAKE X 15
19088,MOLDE DE SILOCONA PARA FREIDORA REDONDO 17CM
14020,MOLDE DOBLE (CAMISETA DE FUTBOL) X2
30099,MOLDE HIELERA DE SILICONA HELADOS 30M7
30136,MOLDE HIELERA DE SILIONA ANIMALES DEL MAR 30K7
41206,MOLDE P/ RAVIOLES X32 BLANCO
41213,MOLDE P/ RAVIOLONES X8
35901,MOLDE PASTAFROLA DESMONTABLE ALUMINIO Nº1 24CM X 1
03110,MOLDE PASTAFROLA FIJA HOJALATA Nº22
8309,MOLDE SILICONA 11 CIRCULOS 4.5CM
11498,MOLDE SILICONA BUDINERA SAVARIN MULTICOLOR 1W12
03480,MOLDE SILICONA HOJA S1908
5188,MOLDE SILICONA PASCUA 8 HUEVOS Y 4 CONEJOS
38829,MOLDE TORTA ALUMINIO Nº20 ALTURA 10CM COOPER X 1
21084,MOLEDE SILICONA 15 CIRCULOS MULTICOLOR 3C12
7125,MOSTACILLON X 250 GRS
7207,MOTOSIERRA SANGRIENTA MIC MAC
64332,MUG ALTO DAAN 450 ML *VASSA MISHKA
64356,MUG ALTO FINN 450 ML *VASSA MISHKA
64349,MUG ALTO NOAH 450 ML *VASSA MISHKA
64318,MUG BAJO FINN 400 ML *VASSA MISHKA
64301,MUG BAJO NOAH 400 ML *VASSA MISHKA
64967,MUG NILS GREEN 350 ML MISHKA
27665,MUG TRAMADO GRIS DEGRADÉ 300 ML MUSHKA
22431,MUGUET X 7 X 35 CM FL22431 CECIL
10405,MULECO CASCANUECES 30CM 251040 D´SAZA
10382,MUÑECO CASCANUECES 38CM 251038 D´SAZA
10412,MUÑECO CASCANUECES 38CM 251041 D´SAZA
8192,NIÑA PARADA CON JESUS GRANDE BLANCO 12889B
8919,NIÑO PARADO COMUNION 12CM APOS TG018561B
9933,OASIS LADRILLO X 1
70018,PABILO PARA VELAS X 100
57927,PACK 3 CORTANTES DE HOJAS CON EXPULSOR
1357,PALITO HELADO X 50
53190,PALO DE AMASAR CON FORMAS X 1
28521,PANERA 22X16X10 RECTANGULAR JACINTO ART2089 ENTRANCE
5491,PARAGUA PLASTICO CHICO DE COLOR CON LUNARES X 1
6431,PAREJA DE NOVIOS A CABALLO TG017934 APOS
7954,PELOTA INFLABLE MEDIANA CON PINCHES 16CM
8223,PELUCA PAYASO MUNDIAL
7109,PERLA FACETADA AB (TORNASOLADA) X 100 GRS
72146,PETALOS DE ROSA DE TELA ROJO 25GS BOLPE RIVAS
01724,PICO PARA RELLENAR CHURROS
56160,PIE DE TORTA CON RAYAS 32X11CM 0402019 MISHKA
35352,PINTURA PARA LA CARA FLUO X 4 PINTAFAN
06193,PINZAS TEXTURADORAS X 10 PARA FONDANT
2893,PIOLIN GRANDE
54675,PIPA SHERLOCK AC142 RIVAS
9758,PIROTIN PARA BOMBON Nº 3 Y 4 MARRON X 80
62380,PIROTINES DECORADOS EN CAJA X100
17083,PISTOLA ENCOLADORA ESPECIAL SUPRABOND
85863,PISTOLA ENCOLADORA GRANDE 60W
30309,PISTOLA ENCOLADORA SUPRABOND GRANDE 40WTS
01939,PIÑATA DE CARTON UNICORNIO X 1 TODO COLOR/GOLD MUNDO
FA134,PLANTA 90CM FA134 JUNKO
TF-13008,PLANTA ARECA CON MACETA 1.3MTS TF-13008 TODO FLOR
PL220,PLANTA COLGANTE 45CM PL220 JUNKO
08143,PLATO CUADRADO CON ONDA KRAFT CON STAMPING X 8
06774,PLATO CUADRADO LILA PASTEL X8 GRAFIGOLD
006750,PLATO CUADRADO ROSA PASTEL X8 GRAFIGOLD
7482,PLATO DE CARTON PLATEADO 33CM X 1
47618,"PLATO DE POSTRE RHYTHM GREY 21,5 CM MISHKA"
32690,PLATO GIRATORIO 30CM VIDRIO CON BASE METAL
07597,PLATO LA GRANJA DE ZENON X 8 OTERO
09300,PLATO MI COMUNION GREEN HOJAS OLIVO X 8 GM
77461,PLATO MI COMUNION ROSARIO X 10 MG
91875,PLATO OVAL PORCELANA BLANCA ENCADENADO 40.5X29.7 CM MISHKA
P17LIL,PLATOS P17 LILA X 50 (POLIREC).
P17ROS,Platos P17 rosa x 50 (Polirec).
13779,POLVO PARA CUPCAKE CHOCOLATE X 500G
13762,POLVO PARA CUPCAKE VAINILLA X 500G
43334,PONCHO BLANCO CON GUARDAS CELESTE DE FRISELINA CREACIONES TR
07634,POP CORN BLANCO RAYAS PLATEADAS X8 GRAFIGOLD
M62,PORRTARRETRATO 10X15CM M62 JUNKO
23406,PORTA 5 FOTOS 10 X 15 CM PF-2032.85
65348,PORTA MASAS 2 PISOS VIDRIO REDONDO SOPORTE METAL
M123,PORTARRETRATO 10X15 48 M123 JUNKO
M63,PORTARRETRATO 13 X 18 JUNKO
M160,PORTARRETRATO 13X18CM M160 JUNKO
M184,PORTARRETRATO 13X18CM M184 JUNKO
M216,PORTARRETRATO 13X18CM M216 JUNKO
M224,PORTARRETRATO 13X18CM M224 JUNKO
M252,PORTARRETRATO 13X18CM M252 JUNKO
M253,PORTARRETRATO 15X21CM M253 JUNKO
M65,PORTARRETRATO 20X25CM M65 JUNKO
60907,PORTARRETRATO MARCO MADERA 15X20CM PF3316.6
94392,PORTARRETRATO MARCO METAL 30.8X35.8 PR93389 CECIL`S
M223,PORTARRETRATO METAL PLATEADO 10X15CM M223 JUNKO
M136,PORTARRETRATO METAL PLATEADO 13X18CM M136 JUNKO
91983,PORTARRETRATO PAPER ONDA NEGRO 15X20CM 2251 ENRANCE
E110W,PORTAVELA DE VIDRIO 15 CM E110W
A501,PORTAVELA DE VIDRIO ORO X 1 A501 JUNKO
A520,PORTAVELA DE VIDRIO ORO X 1 A520 JUNKO
A508,PORTAVELA DE VIDRIO PLATA X 1 A508 JUNKO
A521,PORTAVELA DE VIDRIO PLATA X 1 A521 JUNKO
VPORAM,PORTAVELA VIDRIO PUNTOS AMBAR X1 (KOOK)
VPORGR,PORTAVELA VIDRIO PUNTOS GRIS X1 (KOOK)
31215,POSA TORTA CAMPANA DE ACRILICO 30X29 103121 D´SAZA
31208,POSA TORTA CAMPANA DE ACRILICO 30X30X5 103120 D´SAZA
30959,POSA TORTA LATA BLANCO 27CM  103095 D`SAZA
10818,POSTER MOVIL BRUJA ARTICULADA X 1 GM
10825,POSTER MOVIL ESQUELETO ARTICULADO X 1 GM
99818,POTARRETRATO MARCO METAL 10X15 PR93309 CECIL`S
36451,PUFF SEAGRASS CLAUDIA
5498,PUFF SEAGRASS CUADRADO 80X80X20 CLAUDIA ADORNO SCOCUAGR
FR115,RAMO DE FLORES FR115 JUNKO
97012,RAMO DE FLORES OFERTA 97012 CRISANTEMO ORQUIDEA ROSA
FR113,RAMO DE FLORES ROSA VIEJO X 7 FR113
TF-24503,RAMO DE HORTENCIA X 6 27CM TF-24503 TODO FLOR
TF-44126,RAMO DE ROSAS OTOÑALES 30CM TF-44126 TODO FLOR
TF-05195,RAMO MARGARITAS 30CM TF-05195 TODO FLOR
CF-1047,RAMO MARGARITAS X 7 CF-1047
L143,RELOJ JUNKO 50X50X3.5 L143
28075,REPUESTO SILICONA 8MM X 10 UNIPOX
9871,RODILLITO MARCADOR (1AL35) X1
43599,SERVILLETA DE PAPEL FORMA PELOTA X 12 DSE012-2 RIVAS
51142,SERVILLETA HELLO KITTY X 20 OTERO
50602,SERVILLETA PREMIUM HOMBRE ARAÑA X 20 OTERO
53726,SERVILLETA PREMIUM X20 CARPINCHO
53535,SERVILLETAS BOCA X 20 OTERO
50572,SERVILLETAS DE LA GRANJA DE ZENON X 20 OTERO
50725,SERVILLETAS RIVER X 20 OTERO
25232,SERVILLETERO HOMBRE ARAÑA (OTERO).
10696,SERVILLETERO PORCELANA NAVIDAD 251069 D´SAZA
23391,SET 18 PICOS DE ACERO CON ACOPLE Y TAPA BAKING
47243,SET DE 2 BANDEJAS CUADRADAS DE SEAGRASS CON NEGRO MISHKA
8205,SET DE GLOBOS X 10 PCS VARIOS COLORES
4566,SET HEBILLAS TIRA X 5 FEMINIX
10331,SET PLACA BIG CANDY X 2 PARPEN
9072,SET X 3 CAJA PAPER JUANA NAT 2561 ENTRANCE
5473,SET X 3 PORTAMACETA PALM CON MANIJA 2726 ENTRANCE
21281,SET X 6 CUCHARAS DE ACERO DORADO DISEÑO FLOR 18CM MISHKA
21311,SET X 6 CUCHARAS DE ACERO DORADO DISEÑO OVAL 13CM MISHKA
21267,SET X 6 CUCHARAS DE ACERO DORADO DISEÑO PALA 17CM MISHKA
21021,SET X 6 CUCHARAS LISBOA DE ACERO DORADO 20 CM MISHKA
29034,SET X 6 CUCHARAS MILKSHAKE DE ACERO DORADO STEM 19 CM MISHKA
43801,SET X 6 VASOS BAJOS COLOR CHAMPAGNE DIAMANTE 250 ML
51394,SET X3 ESPEJOS CUADRADO SUPERPUESTO BLANCO/NEGRO (EP12603)
11562,"SET X5 JARRA + 4 VASOS ML AMBAR/GREY (HE16,HE15)"
20361,SET X5 SORBETES DE ACERO (22036) (22034)
12065,SET X8 PICOS LARGOS GRANDES BAKING
00144,SILBATO ARGENTINA PLASTICO X 12 PATRIMAR
25066,SOMBRERO BOMBIN DE TELA FLUO  MM125-06 M&M
57435,SOMBRERO BOMBIN PAÑO MARRON GO220 RIVAS
7901,SOMBRERO CARAMELO FLYNN PAFF CABEZA LOCA
9279,SOMBRERO COWBOY DE SEDA BRILLANTE CON STRASS X 1
5522,SOMBRERO FUNYI TEJIDO RAYADO BLANCO Y NEGRO X 1
7722,SOMBRERO LATAS CABEZA LOCA
8898,SOMBRERO TANGO CON LENTEJUELA SIN LUZ
9091,SOMBRERO TANGO FLOCK NEGRO/COLOR AFELPADO
05784,SORBETE AFA X 6 OTERO
58055,SORBETE POLIPAPEL RAYAS Y LUNARES CELESTE X 24 DSPP003 RIVAS
22549,SORBETES SET X3 ACERO (22254)
53757,STICKER CARPINCHO X24
39187,TABLA DE LAJA DELICATESSEN 33X13CM (MISHKA)
65438,TABLA REDONDA DE MADERA ESMALTADA SAHA 32 CM MISHKA
47632,TAZA Y PLATO RHYTHM GREY 250 ML X 1 MISHKA
C311,TIRA CORAZON DE METAL DORADO 20CM C311 JUNKO
C310,TIRA CORAZON DE METAL PLATA 20CM C310 JUNKO
57401,TIRA DE ESTRELLA COM POMPONES Y BROCHE POM001
8803,TIRADOR MUEBLE GRANDE DE CERAMICA
54035,TORTERA CUADRADA BAJA Nº3 29X5 CM (GRACIELA)
01353,TORTERA DESARMABLE Nº5 DOÑA CLARA
001827,TORTERO CUADRADA BAJA N°2 DOÑA CLARA
4471,TRABITA TIC-TAC DECORADA X10 22-77/4 FEMINIX
1996,TRAJE DE NEGRITA ECONOMICO T:2. (CROSTI)
2733,TRAJE DE VENDEDOR AMBULANTE T:1 (CROSTI).
2498,TRAJE DE VENDEDOR AMBULANTE T:2 (CROSTI).
5910,VARA DE BAMBOO RAYUNG
TF-09087,VARA DE EUCALIPTUS 55CM TF-09087 TODO FLOR
TF-02155,VARA DE HOJA COSTILLA ADAM 85CM TF-02155 TODO FLOR
TF-02157,VARA DE PALMERA THIN 90CM TF-02157 TODO FLOR
TF-96108,VARA DE PEONIAS CON PIMPOLLO 65CM TF-96108 TODO FLOR
TF-02278,VARA PLUMERILLO 110CM TF-02278 TODO FLOR
53818,VASO ABEJITA X 8 OTERO
9704,VASO CAFE DOBLE VIDRIO X 6 80ML 2414 ENTRANCE
8861,VASO DE VIDRIO RAYAS BORDE DORADO TRANSPARENTE X 6 BORLA CHI
07337,VASO FROZEN X8 OTERO
04435,VASO POLIPAPEL ESCAMAS PLATA X8 FESTCOPACK
4113,VINCHA CON LUZ FIBRA OPTICA JB 3001
58326,VINCHA CON PINCHOS PLATEADOS VI50 RIVAS
6918,VINCHA SERRUCHO TRIGGER
7556,VINCHA/TOCADO DE COMUNION CON FLORES
VINCHAS4,VINCHAS SURTIDAS X 4 (COMBO) RODRIGUEZ
17608,VIRUTA COLOR NARANJA X 1 BOLSA
8987,VIRUTA COLOR NEGRA X1
17602,VIRUTA COLOR VERDE OSCURO/VERDE MANZANA X 1 BOLSA
24994,YO YO CON LUZ
